dataset,size,algorithm,avg_time_us,avg_symbol_operations
random,100,quick_sort,37.4,14813.4
random,100,merge_sort,71.8,601.4
random,100,string_quick_sort,7.4,650.2
random,100,string_merge_sort,60,601.4
random,100,msd_radix_sort,26.2,176.4
random,100,msd_radix_sort_with_quick_sort,3.8,156.4
random,200,quick_sort,77.4,29747.6
random,200,merge_sort,148,1498.4
random,200,string_quick_sort,15.8,1357.8
random,200,string_merge_sort,133.2,1498.4
random,200,msd_radix_sort,111.4,390.6
random,200,msd_radix_sort_with_quick_sort,8.6,416.4
random,300,quick_sort,110.6,43610.8
random,300,merge_sort,280.8,2520.8
random,300,string_quick_sort,27.8,2445.8
random,300,string_merge_sort,222.8,2520.8
random,300,msd_radix_sort,34.2,611.4
random,300,msd_radix_sort_with_quick_sort,14.4,733.4
random,400,quick_sort,131.4,59640.8
random,400,merge_sort,300.4,3648.4
random,400,string_quick_sort,34.8,3253.4
random,400,string_merge_sort,250,3648.4
random,400,msd_radix_sort,30.8,821
random,400,msd_radix_sort_with_quick_sort,15.8,1101.2
random,500,quick_sort,135.6,74309.6
random,500,merge_sort,311.6,4835.4
random,500,string_quick_sort,39.8,4287
random,500,string_merge_sort,275.6,4835.4
random,500,msd_radix_sort,29.6,1048
random,500,msd_radix_sort_with_quick_sort,16.4,1499
random,600,quick_sort,140.4,89809
random,600,merge_sort,322.8,6133.8
random,600,string_quick_sort,36.4,5400
random,600,string_merge_sort,277.8,6133.8
random,600,msd_radix_sort,25.4,1258.8
random,600,msd_radix_sort_with_quick_sort,16.8,1950.4
random,700,quick_sort,144.4,107298
random,700,merge_sort,341.4,7423.8
random,700,string_quick_sort,38.4,6217.6
random,700,string_merge_sort,305,7423.8
random,700,msd_radix_sort,27.4,1483.8
random,700,msd_radix_sort_with_quick_sort,18.8,2397
random,800,quick_sort,152,123531
random,800,merge_sort,360.6,8780.8
random,800,string_quick_sort,40.4,7564.8
random,800,string_merge_sort,321.4,8780.8
random,800,msd_radix_sort,27.6,1703.8
random,800,msd_radix_sort_with_quick_sort,20.2,2907.6
random,900,quick_sort,159.6,137869
random,900,merge_sort,371.4,10161
random,900,string_quick_sort,43.6,8866.4
random,900,string_merge_sort,344,10161
random,900,msd_radix_sort,29,1939.4
random,900,msd_radix_sort_with_quick_sort,21.4,3415.2
random,1000,quick_sort,173.4,154048
random,1000,merge_sort,399.4,11567.2
random,1000,string_quick_sort,46.8,10170.2
random,1000,string_merge_sort,379,11567.2
random,1000,msd_radix_sort,32,2177.8
random,1000,msd_radix_sort_with_quick_sort,24.4,3925.4
random,1100,quick_sort,183.2,169649
random,1100,merge_sort,426.4,13069.4
random,1100,string_quick_sort,51.4,11971.4
random,1100,string_merge_sort,403.2,13069.4
random,1100,msd_radix_sort,31.8,2404
random,1100,msd_radix_sort_with_quick_sort,26.2,4498.8
random,1200,quick_sort,200,183687
random,1200,merge_sort,517.8,14562.8
random,1200,string_quick_sort,53.2,11927.2
random,1200,string_merge_sort,453.8,14562.8
random,1200,msd_radix_sort,35.8,2638.2
random,1200,msd_radix_sort_with_quick_sort,30.2,5088.4
random,1300,quick_sort,218.4,203286
random,1300,merge_sort,524.2,16070
random,1300,string_quick_sort,61,13409.6
random,1300,string_merge_sort,488.4,16070
random,1300,msd_radix_sort,39.2,2882.2
random,1300,msd_radix_sort_with_quick_sort,38.6,5638.6
random,1400,quick_sort,232.6,216156
random,1400,merge_sort,564.8,17604.2
random,1400,string_quick_sort,65.2,14070.4
random,1400,string_merge_sort,529.8,17604.2
random,1400,msd_radix_sort,39.6,3116.6
random,1400,msd_radix_sort_with_quick_sort,35,6262.4
random,1500,quick_sort,256.2,235028
random,1500,merge_sort,612.2,19147.2
random,1500,string_quick_sort,73,15259
random,1500,string_merge_sort,572.4,19147.2
random,1500,msd_radix_sort,45.8,3368.2
random,1500,msd_radix_sort_with_quick_sort,40.2,6886.4
random,1600,quick_sort,274.6,249003
random,1600,merge_sort,660.8,20739.8
random,1600,string_quick_sort,77.4,16668.8
random,1600,string_merge_sort,621,20739.8
random,1600,msd_radix_sort,50.6,3624.8
random,1600,msd_radix_sort_with_quick_sort,42.8,7457.6
random,1700,quick_sort,283,265425
random,1700,merge_sort,697.2,22345.6
random,1700,string_quick_sort,85,18174.8
random,1700,string_merge_sort,653.8,22345.6
random,1700,msd_radix_sort,54,3862.6
random,1700,msd_radix_sort_with_quick_sort,46.4,8060.6
random,1800,quick_sort,306.4,283055
random,1800,merge_sort,738.2,23897.4
random,1800,string_quick_sort,90.8,19325.8
random,1800,string_merge_sort,689.6,23897.4
random,1800,msd_radix_sort,55.2,4104.4
random,1800,msd_radix_sort_with_quick_sort,47.6,8764
random,1900,quick_sort,324.4,293392
random,1900,merge_sort,778.2,25592
random,1900,string_quick_sort,95.8,20634
random,1900,string_merge_sort,743.8,25592
random,1900,msd_radix_sort,60.2,4358
random,1900,msd_radix_sort_with_quick_sort,52,9402.4
random,2000,quick_sort,341.8,311722
random,2000,merge_sort,831,27227.6
random,2000,string_quick_sort,100.2,22067.4
random,2000,string_merge_sort,794.4,27227.6
random,2000,msd_radix_sort,65.4,4605
random,2000,msd_radix_sort_with_quick_sort,68.2,10121.6
random,2100,quick_sort,359.4,327595
random,2100,merge_sort,865.8,28825.6
random,2100,string_quick_sort,106.8,23631.6
random,2100,string_merge_sort,835.6,28825.6
random,2100,msd_radix_sort,71,4869.8
random,2100,msd_radix_sort_with_quick_sort,58.8,10651.8
random,2200,quick_sort,384,342551
random,2200,merge_sort,930.4,30540.4
random,2200,string_quick_sort,114.2,23948.8
random,2200,string_merge_sort,889.6,30540.4
random,2200,msd_radix_sort,74,5139.2
random,2200,msd_radix_sort_with_quick_sort,63,11413
random,2300,quick_sort,394.8,360862
random,2300,merge_sort,982.4,32280
random,2300,string_quick_sort,118.6,25161.4
random,2300,string_merge_sort,953,32280
random,2300,msd_radix_sort,80.8,5418.8
random,2300,msd_radix_sort_with_quick_sort,65.8,12020.6
random,2400,quick_sort,418.8,379743
random,2400,merge_sort,1022.6,33974.4
random,2400,string_quick_sort,126.2,26209.2
random,2400,string_merge_sort,981,33974.4
random,2400,msd_radix_sort,86.2,5672.6
random,2400,msd_radix_sort_with_quick_sort,70.8,12841.6
random,2500,quick_sort,440.2,395346
random,2500,merge_sort,1083.4,35674.4
random,2500,string_quick_sort,129.2,28406.6
random,2500,string_merge_sort,1026.6,35674.4
random,2500,msd_radix_sort,86.4,5906.4
random,2500,msd_radix_sort_with_quick_sort,73.6,13411.6
random,2600,quick_sort,451.2,407191
random,2600,merge_sort,1119.6,37442.6
random,2600,string_quick_sort,138,30282.8
random,2600,string_merge_sort,1083.6,37442.6
random,2600,msd_radix_sort,93,6207.2
random,2600,msd_radix_sort_with_quick_sort,77.4,14105.4
random,2700,quick_sort,465.6,421849
random,2700,merge_sort,1162.4,39214
random,2700,string_quick_sort,144.8,31228
random,2700,string_merge_sort,1120.2,39214
random,2700,msd_radix_sort,101.2,6490.4
random,2700,msd_radix_sort_with_quick_sort,81,14763.6
random,2800,quick_sort,493.2,443044
random,2800,merge_sort,1200.8,40958.8
random,2800,string_quick_sort,155,32212.4
random,2800,string_merge_sort,1150.2,40958.8
random,2800,msd_radix_sort,104.4,6709.4
random,2800,msd_radix_sort_with_quick_sort,84.8,15540.2
random,2900,quick_sort,520.2,453427
random,2900,merge_sort,1282.8,42787.2
random,2900,string_quick_sort,155.8,32284.6
random,2900,string_merge_sort,1217.2,42787.2
random,2900,msd_radix_sort,111.6,7056.6
random,2900,msd_radix_sort_with_quick_sort,89,16074.8
random,3000,quick_sort,540.4,478200
random,3000,merge_sort,1307.8,44582.6
random,3000,string_quick_sort,164.6,35051.6
random,3000,string_merge_sort,1284,44582.6
random,3000,msd_radix_sort,115.4,7287.2
random,3000,msd_radix_sort_with_quick_sort,93.2,17085.4
reversed,100,quick_sort,9.2,13279.8
reversed,100,merge_sort,24.8,413.2
reversed,100,string_quick_sort,2,489.4
reversed,100,string_merge_sort,16.4,413.2
reversed,100,msd_radix_sort,5,176.8
reversed,100,msd_radix_sort_with_quick_sort,1,149.6
reversed,200,quick_sort,19.6,27852
reversed,200,merge_sort,54.4,1014
reversed,200,string_quick_sort,4.4,1174.2
reversed,200,string_merge_sort,40.2,1014
reversed,200,msd_radix_sort,10,393.8
reversed,200,msd_radix_sort_with_quick_sort,2,371.6
reversed,300,quick_sort,28.4,38896.6
reversed,300,merge_sort,87.2,1695.4
reversed,300,string_quick_sort,6,1915.8
reversed,300,string_merge_sort,68.4,1695.4
reversed,300,msd_radix_sort,14,615.2
reversed,300,msd_radix_sort_with_quick_sort,3.8,652.8
reversed,400,quick_sort,40.2,56799.2
reversed,400,merge_sort,118,2441.8
reversed,400,string_quick_sort,8.6,2685.6
reversed,400,string_merge_sort,89.2,2441.8
reversed,400,msd_radix_sort,15.4,826.2
reversed,400,msd_radix_sort_with_quick_sort,4.6,969.4
reversed,500,quick_sort,42.8,58389.6
reversed,500,merge_sort,147,3072.4
reversed,500,string_quick_sort,10.2,3515.6
reversed,500,string_merge_sort,119,3072.4
reversed,500,msd_radix_sort,18,1046.2
reversed,500,msd_radix_sort_with_quick_sort,6.6,1318.2
reversed,600,quick_sort,55.8,78099.4
reversed,600,merge_sort,186.2,4033.8
reversed,600,string_quick_sort,12.2,4320.4
reversed,600,string_merge_sort,149.8,4033.8
reversed,600,msd_radix_sort,21.2,1272
reversed,600,msd_radix_sort_with_quick_sort,9.2,1691.6
reversed,700,quick_sort,80.2,98831.2
reversed,700,merge_sort,223,4941.4
reversed,700,string_quick_sort,15,5185.4
reversed,700,string_merge_sort,177.4,4941.4
reversed,700,msd_radix_sort,22.6,1480
reversed,700,msd_radix_sort_with_quick_sort,9.6,2092.6
reversed,800,quick_sort,79.4,116186
reversed,800,merge_sort,255.4,5752.2
reversed,800,string_quick_sort,17.2,6079.4
reversed,800,string_merge_sort,213,5752.2
reversed,800,msd_radix_sort,25,1707.6
reversed,800,msd_radix_sort_with_quick_sort,11.2,2502
reversed,900,quick_sort,79.8,115312
reversed,900,merge_sort,282,6537.4
reversed,900,string_quick_sort,19,6962.8
reversed,900,string_merge_sort,231.4,6537.4
reversed,900,msd_radix_sort,30.2,1939
reversed,900,msd_radix_sort_with_quick_sort,13,2936.2
reversed,1000,quick_sort,86.2,118321
reversed,1000,merge_sort,326.8,7201.8
reversed,1000,string_quick_sort,21.2,7897.6
reversed,1000,string_merge_sort,256.6,7201.8
reversed,1000,msd_radix_sort,31.6,2168
reversed,1000,msd_radix_sort_with_quick_sort,15.2,3373
reversed,1100,quick_sort,97.4,136545
reversed,1100,merge_sort,347.2,8302
reversed,1100,string_quick_sort,24.6,8877.2
reversed,1100,string_merge_sort,294.8,8302
reversed,1100,msd_radix_sort,34.8,2407.6
reversed,1100,msd_radix_sort_with_quick_sort,17.6,3823.2
reversed,1200,quick_sort,114.8,161186
reversed,1200,merge_sort,375.6,9414
reversed,1200,string_quick_sort,26.6,9825.4
reversed,1200,string_merge_sort,324,9414
reversed,1200,msd_radix_sort,38.6,2640.6
reversed,1200,msd_radix_sort_with_quick_sort,18.4,4271
reversed,1300,quick_sort,128.8,182635
reversed,1300,merge_sort,417.4,10443.2
reversed,1300,string_quick_sort,28.6,10884.8
reversed,1300,string_merge_sort,365,10443.2
reversed,1300,msd_radix_sort,41.8,2866
reversed,1300,msd_radix_sort_with_quick_sort,20,4747.4
reversed,1400,quick_sort,148.4,203466
reversed,1400,merge_sort,454.4,11450.4
reversed,1400,string_quick_sort,31.8,11778.8
reversed,1400,string_merge_sort,406.8,11450.4
reversed,1400,msd_radix_sort,45.6,3113.8
reversed,1400,msd_radix_sort_with_quick_sort,22.2,5226.8
reversed,1500,quick_sort,157,225147
reversed,1500,merge_sort,486.4,12348.6
reversed,1500,string_quick_sort,36.6,12814
reversed,1500,string_merge_sort,424.4,12348.6
reversed,1500,msd_radix_sort,49,3361.4
reversed,1500,msd_radix_sort_with_quick_sort,24.8,5721
reversed,1600,quick_sort,164.2,233478
reversed,1600,merge_sort,524.4,13329
reversed,1600,string_quick_sort,37.2,13887.4
reversed,1600,string_merge_sort,470.6,13329
reversed,1600,msd_radix_sort,53.2,3611
reversed,1600,msd_radix_sort_with_quick_sort,26.2,6230.2
reversed,1700,quick_sort,165.2,233915
reversed,1700,merge_sort,556,14333.2
reversed,1700,string_quick_sort,41.2,14833.8
reversed,1700,string_merge_sort,497.6,14333.2
reversed,1700,msd_radix_sort,62.8,3872.6
reversed,1700,msd_radix_sort_with_quick_sort,28.8,6740.6
reversed,1800,quick_sort,167.6,238052
reversed,1800,merge_sort,596.4,15082.4
reversed,1800,string_quick_sort,44.4,15953.6
reversed,1800,string_merge_sort,542,15082.4
reversed,1800,msd_radix_sort,61,4110.4
reversed,1800,msd_radix_sort_with_quick_sort,30.8,7281.4
reversed,1900,quick_sort,166.4,239485
reversed,1900,merge_sort,621,15975
reversed,1900,string_quick_sort,46.6,16937.2
reversed,1900,string_merge_sort,562.4,15975
reversed,1900,msd_radix_sort,66.4,4377.8
reversed,1900,msd_radix_sort_with_quick_sort,32.2,7774.8
reversed,2000,quick_sort,173.2,239443
reversed,2000,merge_sort,655.8,16604.8
reversed,2000,string_quick_sort,53.6,18010
reversed,2000,string_merge_sort,603.4,16604.8
reversed,2000,msd_radix_sort,71.4,4620.6
reversed,2000,msd_radix_sort_with_quick_sort,34.6,8337
reversed,2100,quick_sort,182.8,255007
reversed,2100,merge_sort,702.2,17735.8
reversed,2100,string_quick_sort,52,19099.6
reversed,2100,string_merge_sort,648.4,17735.8
reversed,2100,msd_radix_sort,74.8,4865.2
reversed,2100,msd_radix_sort_with_quick_sort,40,8882
reversed,2200,quick_sort,195.2,275870
reversed,2200,merge_sort,747,19135.2
reversed,2200,string_quick_sort,54.8,20187.6
reversed,2200,string_merge_sort,670,19135.2
reversed,2200,msd_radix_sort,80.8,5139.4
reversed,2200,msd_radix_sort_with_quick_sort,39,9437.4
reversed,2300,quick_sort,209.4,298890
reversed,2300,merge_sort,789.4,20361.6
reversed,2300,string_quick_sort,57,21188.6
reversed,2300,string_merge_sort,706.6,20361.6
reversed,2300,msd_radix_sort,86.4,5412.2
reversed,2300,msd_radix_sort_with_quick_sort,41.8,10019.8
reversed,2400,quick_sort,226.4,320836
reversed,2400,merge_sort,812.4,21582
reversed,2400,string_quick_sort,62.2,22333.8
reversed,2400,string_merge_sort,731,21582
reversed,2400,msd_radix_sort,90.8,5659.6
reversed,2400,msd_radix_sort_with_quick_sort,45.8,10577.2
reversed,2500,quick_sort,239.8,344795
reversed,2500,merge_sort,839.8,22723
reversed,2500,string_quick_sort,66,23376.2
reversed,2500,string_merge_sort,761.6,22723
reversed,2500,msd_radix_sort,96,5942.2
reversed,2500,msd_radix_sort_with_quick_sort,47.6,11165.8
reversed,2600,quick_sort,258,367814
reversed,2600,merge_sort,886.4,23844.2
reversed,2600,string_quick_sort,67,24399.8
reversed,2600,string_merge_sort,798.2,23844.2
reversed,2600,msd_radix_sort,103,6213.4
reversed,2600,msd_radix_sort_with_quick_sort,49,11714
reversed,2700,quick_sort,272.6,388018
reversed,2700,merge_sort,921.8,25056.6
reversed,2700,string_quick_sort,73,25505
reversed,2700,string_merge_sort,838.6,25056.6
reversed,2700,msd_radix_sort,122.2,6458
reversed,2700,msd_radix_sort_with_quick_sort,52,12326.6
reversed,2800,quick_sort,289.6,409856
reversed,2800,merge_sort,965.2,26208.6
reversed,2800,string_quick_sort,76.4,26606.4
reversed,2800,string_merge_sort,888.2,26208.6
reversed,2800,msd_radix_sort,115.6,6753.2
reversed,2800,msd_radix_sort_with_quick_sort,56,12898.8
reversed,2900,quick_sort,303.8,431358
reversed,2900,merge_sort,1003.6,27221.4
reversed,2900,string_quick_sort,78.6,27711.8
reversed,2900,string_merge_sort,903.6,27221.4
reversed,2900,msd_radix_sort,124.2,7025.4
reversed,2900,msd_radix_sort_with_quick_sort,58.4,13539.6
reversed,3000,quick_sort,310.2,451983
reversed,3000,merge_sort,1017,28121.8
reversed,3000,string_quick_sort,80.4,28913.4
reversed,3000,string_merge_sort,906.4,28121.8
reversed,3000,msd_radix_sort,121.4,7289.4
reversed,3000,msd_radix_sort_with_quick_sort,60.4,14117.6
almost_sorted,100,quick_sort,9.4,13971
almost_sorted,100,merge_sort,21.6,486.2
almost_sorted,100,string_quick_sort,2,503.2
almost_sorted,100,string_merge_sort,13.6,486.2
almost_sorted,100,msd_radix_sort,4.6,177
almost_sorted,100,msd_radix_sort_with_quick_sort,1,151.2
almost_sorted,200,quick_sort,20.8,26029.6
almost_sorted,200,merge_sort,53.6,1215.2
almost_sorted,200,string_quick_sort,5.2,1224
almost_sorted,200,string_merge_sort,36.6,1215.2
almost_sorted,200,msd_radix_sort,9.8,397.2
almost_sorted,200,msd_radix_sort_with_quick_sort,2.2,387
almost_sorted,300,quick_sort,30.2,38946.6
almost_sorted,300,merge_sort,82.2,2091.2
almost_sorted,300,string_quick_sort,7.4,1981.4
almost_sorted,300,string_merge_sort,64.6,2091.2
almost_sorted,300,msd_radix_sort,12.6,610.2
almost_sorted,300,msd_radix_sort_with_quick_sort,4,669.2
almost_sorted,400,quick_sort,41,55190.4
almost_sorted,400,merge_sort,117,3040.8
almost_sorted,400,string_quick_sort,10.4,2813
almost_sorted,400,string_merge_sort,90.4,3040.8
almost_sorted,400,msd_radix_sort,14.8,822.4
almost_sorted,400,msd_radix_sort_with_quick_sort,5.4,1000
almost_sorted,500,quick_sort,49,61388.8
almost_sorted,500,merge_sort,153.4,4147.4
almost_sorted,500,string_quick_sort,12.8,3637.8
almost_sorted,500,string_merge_sort,118.6,4147.4
almost_sorted,500,msd_radix_sort,18,1048
almost_sorted,500,msd_radix_sort_with_quick_sort,7.4,1361.2
almost_sorted,600,quick_sort,60.6,78277.6
almost_sorted,600,merge_sort,186.6,5217.6
almost_sorted,600,string_quick_sort,15.8,4533.8
almost_sorted,600,string_merge_sort,155.6,5217.6
almost_sorted,600,msd_radix_sort,18.8,1257
almost_sorted,600,msd_radix_sort_with_quick_sort,9.2,1718.6
almost_sorted,700,quick_sort,73.8,97574.4
almost_sorted,700,merge_sort,224.8,6258.4
almost_sorted,700,string_quick_sort,20.2,5414
almost_sorted,700,string_merge_sort,193.4,6258.4
almost_sorted,700,msd_radix_sort,21.8,1480.8
almost_sorted,700,msd_radix_sort_with_quick_sort,11.6,2127
almost_sorted,800,quick_sort,82.2,111599
almost_sorted,800,merge_sort,257.6,7405
almost_sorted,800,string_quick_sort,22.6,6312.8
almost_sorted,800,string_merge_sort,222,7405
almost_sorted,800,msd_radix_sort,24.8,1705
almost_sorted,800,msd_radix_sort_with_quick_sort,13.6,2559.4
almost_sorted,900,quick_sort,89.2,120498
almost_sorted,900,merge_sort,290,8703.6
almost_sorted,900,string_quick_sort,24.6,7340
almost_sorted,900,string_merge_sort,250.8,8703.6
almost_sorted,900,msd_radix_sort,32.2,1953.8
almost_sorted,900,msd_radix_sort_with_quick_sort,16.2,3001.8
almost_sorted,1000,quick_sort,96.8,127610
almost_sorted,1000,merge_sort,336.8,10027.6
almost_sorted,1000,string_quick_sort,29.2,8183.4
almost_sorted,1000,string_merge_sort,294.2,10027.6
almost_sorted,1000,msd_radix_sort,31.4,2165.6
almost_sorted,1000,msd_radix_sort_with_quick_sort,18,3469.6
almost_sorted,1100,quick_sort,106,137785
almost_sorted,1100,merge_sort,367.4,11283.2
almost_sorted,1100,string_quick_sort,32,9133.2
almost_sorted,1100,string_merge_sort,329.2,11283.2
almost_sorted,1100,msd_radix_sort,35.6,2398.6
almost_sorted,1100,msd_radix_sort_with_quick_sort,21.6,3936.2
almost_sorted,1200,quick_sort,119.4,160599
almost_sorted,1200,merge_sort,407.2,12457.6
almost_sorted,1200,string_quick_sort,34.2,10107.6
almost_sorted,1200,string_merge_sort,364,12457.6
almost_sorted,1200,msd_radix_sort,38.8,2651.8
almost_sorted,1200,msd_radix_sort_with_quick_sort,22.8,4416
almost_sorted,1300,quick_sort,142,178848
almost_sorted,1300,merge_sort,448.8,13776.2
almost_sorted,1300,string_quick_sort,42.4,11158.4
almost_sorted,1300,string_merge_sort,394,13776.2
almost_sorted,1300,msd_radix_sort,41.2,2895.8
almost_sorted,1300,msd_radix_sort_with_quick_sort,25.8,4945.2
almost_sorted,1400,quick_sort,147.8,198898
almost_sorted,1400,merge_sort,489.2,15025.2
almost_sorted,1400,string_quick_sort,42.4,12202.8
almost_sorted,1400,string_merge_sort,446.8,15025.2
almost_sorted,1400,msd_radix_sort,45,3125.8
almost_sorted,1400,msd_radix_sort_with_quick_sort,28.4,5451.2
almost_sorted,1500,quick_sort,156.4,211707
almost_sorted,1500,merge_sort,530.6,16512.2
almost_sorted,1500,string_quick_sort,45.6,13138.4
almost_sorted,1500,string_merge_sort,486.2,16512.2
almost_sorted,1500,msd_radix_sort,49,3359.4
almost_sorted,1500,msd_radix_sort_with_quick_sort,30,5964.8
almost_sorted,1600,quick_sort,172.8,231514
almost_sorted,1600,merge_sort,552.8,17894.8
almost_sorted,1600,string_quick_sort,47.6,14073.2
almost_sorted,1600,string_merge_sort,509,17894.8
almost_sorted,1600,msd_radix_sort,54.2,3602.6
almost_sorted,1600,msd_radix_sort_with_quick_sort,32.8,6494
almost_sorted,1700,quick_sort,177.8,238267
almost_sorted,1700,merge_sort,587.8,19309.4
almost_sorted,1700,string_quick_sort,51.8,15308.6
almost_sorted,1700,string_merge_sort,542.8,19309.4
almost_sorted,1700,msd_radix_sort,59.2,3844
almost_sorted,1700,msd_radix_sort_with_quick_sort,35.8,7043.8
almost_sorted,1800,quick_sort,181.6,244130
almost_sorted,1800,merge_sort,633.6,20888.8
almost_sorted,1800,string_quick_sort,55,16471.6
almost_sorted,1800,string_merge_sort,575.6,20888.8
almost_sorted,1800,msd_radix_sort,60.6,4125.6
almost_sorted,1800,msd_radix_sort_with_quick_sort,39.8,7596.8
almost_sorted,1900,quick_sort,186.2,248269
almost_sorted,1900,merge_sort,670.8,22388.4
almost_sorted,1900,string_quick_sort,59.2,17543.8
almost_sorted,1900,string_merge_sort,611.6,22388.4
almost_sorted,1900,msd_radix_sort,65,4359
almost_sorted,1900,msd_radix_sort_with_quick_sort,41.4,8152
almost_sorted,2000,quick_sort,203.2,253668
almost_sorted,2000,merge_sort,699.6,23789.2
almost_sorted,2000,string_quick_sort,60,18533
almost_sorted,2000,string_merge_sort,630.4,23789.2
almost_sorted,2000,msd_radix_sort,70.6,4617
almost_sorted,2000,msd_radix_sort_with_quick_sort,44.4,8706.8
almost_sorted,2100,quick_sort,203.8,271612
almost_sorted,2100,merge_sort,749,25687.4
almost_sorted,2100,string_quick_sort,68.4,19434.8
almost_sorted,2100,string_merge_sort,688.4,25687.4
almost_sorted,2100,msd_radix_sort,74.8,4875
almost_sorted,2100,msd_radix_sort_with_quick_sort,48.2,9276.8
almost_sorted,2200,quick_sort,217.4,286767
almost_sorted,2200,merge_sort,786.6,26781
almost_sorted,2200,string_quick_sort,68.6,20643.2
almost_sorted,2200,string_merge_sort,715.2,26781
almost_sorted,2200,msd_radix_sort,80.2,5153.6
almost_sorted,2200,msd_radix_sort_with_quick_sort,48.8,9856.4
almost_sorted,2300,quick_sort,227,306365
almost_sorted,2300,merge_sort,840.6,28349.2
almost_sorted,2300,string_quick_sort,74.6,21828.4
almost_sorted,2300,string_merge_sort,777,28349.2
almost_sorted,2300,msd_radix_sort,85.6,5404.2
almost_sorted,2300,msd_radix_sort_with_quick_sort,56,10455.6
almost_sorted,2400,quick_sort,242.4,321785
almost_sorted,2400,merge_sort,875.6,29878.4
almost_sorted,2400,string_quick_sort,78,22893.2
almost_sorted,2400,string_merge_sort,813.8,29878.4
almost_sorted,2400,msd_radix_sort,88.8,5659.6
almost_sorted,2400,msd_radix_sort_with_quick_sort,57.4,11037
almost_sorted,2500,quick_sort,250.4,336797
almost_sorted,2500,merge_sort,920.4,31079.8
almost_sorted,2500,string_quick_sort,81.6,24021.6
almost_sorted,2500,string_merge_sort,857.4,31079.8
almost_sorted,2500,msd_radix_sort,93,5928
almost_sorted,2500,msd_radix_sort_with_quick_sort,57.6,11625.4
almost_sorted,2600,quick_sort,264.6,364452
almost_sorted,2600,merge_sort,955.4,32746.4
almost_sorted,2600,string_quick_sort,86,25129.2
almost_sorted,2600,string_merge_sort,903.2,32746.4
almost_sorted,2600,msd_radix_sort,98.2,6199.6
almost_sorted,2600,msd_radix_sort_with_quick_sort,62,12232.2
almost_sorted,2700,quick_sort,284,380059
almost_sorted,2700,merge_sort,1022.8,34279
almost_sorted,2700,string_quick_sort,88.4,26372.2
almost_sorted,2700,string_merge_sort,938.6,34279
almost_sorted,2700,msd_radix_sort,105.6,6461.2
almost_sorted,2700,msd_radix_sort_with_quick_sort,64.8,12888
almost_sorted,2800,quick_sort,295.2,399005
almost_sorted,2800,merge_sort,1036,36080.6
almost_sorted,2800,string_quick_sort,92.6,27501
almost_sorted,2800,string_merge_sort,980.4,36080.6
almost_sorted,2800,msd_radix_sort,110,6744.8
almost_sorted,2800,msd_radix_sort_with_quick_sort,69.4,13506.4
almost_sorted,2900,quick_sort,305,413779
almost_sorted,2900,merge_sort,1077.6,37571.2
almost_sorted,2900,string_quick_sort,99.6,28553.8
almost_sorted,2900,string_merge_sort,1008,37571.2
almost_sorted,2900,msd_radix_sort,117,7031.6
almost_sorted,2900,msd_radix_sort_with_quick_sort,73.4,14098
almost_sorted,3000,quick_sort,324.8,435149
almost_sorted,3000,merge_sort,1134.4,39233
almost_sorted,3000,string_quick_sort,100.8,29619
almost_sorted,3000,string_merge_sort,1046.8,39233
almost_sorted,3000,msd_radix_sort,119,7275.4
almost_sorted,3000,msd_radix_sort_with_quick_sort,73.4,14738.6
common_prefix,100,quick_sort,19.6,27254.8
common_prefix,100,merge_sort,31.4,11210.6
common_prefix,100,string_quick_sort,6.8,4152
common_prefix,100,string_merge_sort,23,11210.6
common_prefix,100,msd_radix_sort,58.2,4118.4
common_prefix,100,msd_radix_sort_with_quick_sort,6,3956.2
common_prefix,200,quick_sort,46.4,69787.4
common_prefix,200,merge_sort,78.2,29828.4
common_prefix,200,string_quick_sort,14,8885.2
common_prefix,200,string_merge_sort,64.4,29828.4
common_prefix,200,msd_radix_sort,77,8253.8
common_prefix,200,msd_radix_sort_with_quick_sort,12.2,8455.8
common_prefix,300,quick_sort,75.6,115136
common_prefix,300,merge_sort,121,52063.4
common_prefix,300,string_quick_sort,21.6,13623.2
common_prefix,300,string_merge_sort,106.4,52063.4
common_prefix,300,msd_radix_sort,99.4,12407.6
common_prefix,300,msd_radix_sort_with_quick_sort,19.6,13042.4
common_prefix,400,quick_sort,105.6,160636
common_prefix,400,merge_sort,174,75688
common_prefix,400,string_quick_sort,29.6,18412.4
common_prefix,400,string_merge_sort,158.2,75688
common_prefix,400,msd_radix_sort,124.2,16593
common_prefix,400,msd_radix_sort_with_quick_sort,26.2,17681.8
common_prefix,500,quick_sort,140.2,211879
common_prefix,500,merge_sort,232.6,101186
common_prefix,500,string_quick_sort,39.6,23274.4
common_prefix,500,string_merge_sort,207.4,101186
common_prefix,500,msd_radix_sort,147.8,20793.4
common_prefix,500,msd_radix_sort_with_quick_sort,35.2,22441.6
common_prefix,600,quick_sort,172.6,265862
common_prefix,600,merge_sort,268.6,127931
common_prefix,600,string_quick_sort,47.2,28330.4
common_prefix,600,string_merge_sort,254.2,127931
common_prefix,600,msd_radix_sort,177,24991.4
common_prefix,600,msd_radix_sort_with_quick_sort,147.8,24891.8
common_prefix,700,quick_sort,200.2,313657
common_prefix,700,merge_sort,326.8,155474
common_prefix,700,string_quick_sort,55.8,33205.6
common_prefix,700,string_merge_sort,320.2,155474
common_prefix,700,msd_radix_sort,192.8,29189.8
common_prefix,700,msd_radix_sort_with_quick_sort,168.8,29055.4
common_prefix,800,quick_sort,240,374088
common_prefix,800,merge_sort,374.8,184132
common_prefix,800,string_quick_sort,63.2,37980.2
common_prefix,800,string_merge_sort,354.8,184132
common_prefix,800,msd_radix_sort,222.2,33403.4
common_prefix,800,msd_radix_sort_with_quick_sort,191.2,33278.2
common_prefix,900,quick_sort,268,431075
common_prefix,900,merge_sort,436.4,213012
common_prefix,900,string_quick_sort,72.2,43326.8
common_prefix,900,string_merge_sort,411.4,213012
common_prefix,900,msd_radix_sort,247.2,37616.4
common_prefix,900,msd_radix_sort_with_quick_sort,214.6,37478
common_prefix,1000,quick_sort,303,491394
common_prefix,1000,merge_sort,503,244099
common_prefix,1000,string_quick_sort,81.8,47997.4
common_prefix,1000,string_merge_sort,474,244099
common_prefix,1000,msd_radix_sort,264.4,41832.6
common_prefix,1000,msd_radix_sort_with_quick_sort,232.6,41713.4
common_prefix,1100,quick_sort,335.6,552748
common_prefix,1100,merge_sort,536.8,273393
common_prefix,1100,string_quick_sort,87.8,53558.2
common_prefix,1100,string_merge_sort,512,273393
common_prefix,1100,msd_radix_sort,295,46052.4
common_prefix,1100,msd_radix_sort_with_quick_sort,252.2,45961.4
common_prefix,1200,quick_sort,374.2,608211
common_prefix,1200,merge_sort,600.2,305319
common_prefix,1200,string_quick_sort,99,58278.8
common_prefix,1200,string_merge_sort,601.6,305319
common_prefix,1200,msd_radix_sort,315.8,50273.8
common_prefix,1200,msd_radix_sort_with_quick_sort,276,50215.4
common_prefix,1300,quick_sort,404,656935
common_prefix,1300,merge_sort,659.8,337055
common_prefix,1300,string_quick_sort,106,63425
common_prefix,1300,string_merge_sort,640.8,337055
common_prefix,1300,msd_radix_sort,346.2,54510.8
common_prefix,1300,msd_radix_sort_with_quick_sort,292.8,54448.6
common_prefix,1400,quick_sort,438.6,722369
common_prefix,1400,merge_sort,725.8,368344
common_prefix,1400,string_quick_sort,116.2,68277
common_prefix,1400,string_merge_sort,699.2,368344
common_prefix,1400,msd_radix_sort,372,58724.4
common_prefix,1400,msd_radix_sort_with_quick_sort,321,58752
common_prefix,1500,quick_sort,480.8,780648
common_prefix,1500,merge_sort,779.4,400987
common_prefix,1500,string_quick_sort,126.4,73408.4
common_prefix,1500,string_merge_sort,760.4,400987
common_prefix,1500,msd_radix_sort,402.2,62927.6
common_prefix,1500,msd_radix_sort_with_quick_sort,344,62998.4
common_prefix,1600,quick_sort,516.2,844106
common_prefix,1600,merge_sort,830,434356
common_prefix,1600,string_quick_sort,135,78326.2
common_prefix,1600,string_merge_sort,808.8,434356
common_prefix,1600,msd_radix_sort,419.8,67146
common_prefix,1600,msd_radix_sort_with_quick_sort,364.4,67282.8
common_prefix,1700,quick_sort,564.4,888621
common_prefix,1700,merge_sort,900.4,467703
common_prefix,1700,string_quick_sort,140.4,83655.4
common_prefix,1700,string_merge_sort,846.6,467703
common_prefix,1700,msd_radix_sort,430.4,71364.8
common_prefix,1700,msd_radix_sort_with_quick_sort,383.4,71555.2
common_prefix,1800,quick_sort,595.6,964880
common_prefix,1800,merge_sort,954.4,501272
common_prefix,1800,string_quick_sort,152.2,88415.6
common_prefix,1800,string_merge_sort,933.6,501272
common_prefix,1800,msd_radix_sort,468.4,75579.2
common_prefix,1800,msd_radix_sort_with_quick_sort,406,75880
common_prefix,1900,quick_sort,627.6,1.02791e+06
common_prefix,1900,merge_sort,1009.2,536192
common_prefix,1900,string_quick_sort,162.4,93656.4
common_prefix,1900,string_merge_sort,995.2,536192
common_prefix,1900,msd_radix_sort,483.4,79790.6
common_prefix,1900,msd_radix_sort_with_quick_sort,429.4,80170.4
common_prefix,2000,quick_sort,662.8,1.08533e+06
common_prefix,2000,merge_sort,1079.8,568578
common_prefix,2000,string_quick_sort,171.6,99078.2
common_prefix,2000,string_merge_sort,1041.2,568578
common_prefix,2000,msd_radix_sort,503,84024.6
common_prefix,2000,msd_radix_sort_with_quick_sort,438.2,84469.2
common_prefix,2100,quick_sort,709.2,1.15318e+06
common_prefix,2100,merge_sort,1142.8,604210
common_prefix,2100,string_quick_sort,176,103856
common_prefix,2100,string_merge_sort,1099.4,604210
common_prefix,2100,msd_radix_sort,514.8,88238.4
common_prefix,2100,msd_radix_sort_with_quick_sort,450.6,88827.6
common_prefix,2200,quick_sort,734,1.20552e+06
common_prefix,2200,merge_sort,1215.4,639148
common_prefix,2200,string_quick_sort,185.6,109583
common_prefix,2200,string_merge_sort,1161.2,639148
common_prefix,2200,msd_radix_sort,545.4,92447.6
common_prefix,2200,msd_radix_sort_with_quick_sort,483.8,93151
common_prefix,2300,quick_sort,786.2,1.28375e+06
common_prefix,2300,merge_sort,1277.8,674368
common_prefix,2300,string_quick_sort,200.2,114032
common_prefix,2300,string_merge_sort,1224.2,674368
common_prefix,2300,msd_radix_sort,573.8,96669.6
common_prefix,2300,msd_radix_sort_with_quick_sort,507.4,97536.8
common_prefix,2400,quick_sort,813.8,1.34449e+06
common_prefix,2400,merge_sort,1319.8,710198
common_prefix,2400,string_quick_sort,200.8,119178
common_prefix,2400,string_merge_sort,1288,710198
common_prefix,2400,msd_radix_sort,600.6,100884
common_prefix,2400,msd_radix_sort_with_quick_sort,536,101810
common_prefix,2500,quick_sort,840.6,1.41713e+06
common_prefix,2500,merge_sort,1373.4,744362
common_prefix,2500,string_quick_sort,211.8,123676
common_prefix,2500,string_merge_sort,1350.8,744362
common_prefix,2500,msd_radix_sort,620.8,105097
common_prefix,2500,msd_radix_sort_with_quick_sort,544,106155
common_prefix,2600,quick_sort,883.2,1.45555e+06
common_prefix,2600,merge_sort,1450.4,780671
common_prefix,2600,string_quick_sort,219.4,129268
common_prefix,2600,string_merge_sort,1412.6,780671
common_prefix,2600,msd_radix_sort,641,109312
common_prefix,2600,msd_radix_sort_with_quick_sort,568,110521
common_prefix,2700,quick_sort,938,1.55311e+06
common_prefix,2700,merge_sort,1521.2,819460
common_prefix,2700,string_quick_sort,236,134570
common_prefix,2700,string_merge_sort,1480.8,819460
common_prefix,2700,msd_radix_sort,673.2,113557
common_prefix,2700,msd_radix_sort_with_quick_sort,602.2,114871
common_prefix,2800,quick_sort,974.8,1.60448e+06
common_prefix,2800,merge_sort,1569.8,854203
common_prefix,2800,string_quick_sort,237.6,140299
common_prefix,2800,string_merge_sort,1531.8,854203
common_prefix,2800,msd_radix_sort,671.4,117747
common_prefix,2800,msd_radix_sort_with_quick_sort,610.6,119242
common_prefix,2900,quick_sort,1014.6,1.67124e+06
common_prefix,2900,merge_sort,1633.4,892381
common_prefix,2900,string_quick_sort,246.4,144290
common_prefix,2900,string_merge_sort,1603,892381
common_prefix,2900,msd_radix_sort,696.6,121964
common_prefix,2900,msd_radix_sort_with_quick_sort,628.8,123615
common_prefix,3000,quick_sort,1026.4,1.73875e+06
common_prefix,3000,merge_sort,1696,928813
common_prefix,3000,string_quick_sort,255.8,150072
common_prefix,3000,string_merge_sort,1658,928813
common_prefix,3000,msd_radix_sort,734.6,126174
common_prefix,3000,msd_radix_sort_with_quick_sort,667.4,127965
